scope	current_package	current_path	target_package	target_path	status
request	io.github.shizuki.site.ai.dto	model/request/src/main/java/io/github/shizuki/site/ai/dto/AiTownAssetPreviewRequest.java	io.github.shizuki.site.ai.request	model/request/src/main/java/io/github/shizuki/site/ai/request/AiTownAssetPreviewRequest.java	pending_package_migration
request	io.github.shizuki.site.ai.dto	model/request/src/main/java/io/github/shizuki/site/ai/dto/CreateSessionRequest.java	io.github.shizuki.site.ai.request	model/request/src/main/java/io/github/shizuki/site/ai/request/CreateSessionRequest.java	pending_package_migration
request	io.github.shizuki.site.ai.dto	model/request/src/main/java/io/github/shizuki/site/ai/dto/CreateWorldbookRequest.java	io.github.shizuki.site.ai.request	model/request/src/main/java/io/github/shizuki/site/ai/request/CreateWorldbookRequest.java	pending_package_migration
request	io.github.shizuki.site.ai.dto	model/request/src/main/java/io/github/shizuki/site/ai/dto/SendMessageRequest.java	io.github.shizuki.site.ai.request	model/request/src/main/java/io/github/shizuki/site/ai/request/SendMessageRequest.java	pending_package_migration
request	io.github.shizuki.site.ai.dto	model/request/src/main/java/io/github/shizuki/site/ai/dto/UpdateAiMemoryScopeRequest.java	io.github.shizuki.site.ai.request	model/request/src/main/java/io/github/shizuki/site/ai/request/UpdateAiMemoryScopeRequest.java	pending_package_migration
request	io.github.shizuki.site.ai.dto	model/request/src/main/java/io/github/shizuki/site/ai/dto/UpdateCompanionConfigRequest.java	io.github.shizuki.site.ai.request	model/request/src/main/java/io/github/shizuki/site/ai/request/UpdateCompanionConfigRequest.java	pending_package_migration
request	io.github.shizuki.site.ai.dto	model/request/src/main/java/io/github/shizuki/site/ai/dto/UpdateWorldbookRequest.java	io.github.shizuki.site.ai.request	model/request/src/main/java/io/github/shizuki/site/ai/request/UpdateWorldbookRequest.java	pending_package_migration
request	io.github.shizuki.site.ai.dto	model/request/src/main/java/io/github/shizuki/site/ai/dto/UpsertWorldbookEntryRequest.java	io.github.shizuki.site.ai.request	model/request/src/main/java/io/github/shizuki/site/ai/request/UpsertWorldbookEntryRequest.java	pending_package_migration
request	io.github.shizuki.site.content.dto	model/request/src/main/java/io/github/shizuki/site/content/dto/AuthorPostUpsertRequest.java	io.github.shizuki.site.content.request	model/request/src/main/java/io/github/shizuki/site/content/request/AuthorPostUpsertRequest.java	pending_package_migration
request	io.github.shizuki.site.content.dto	model/request/src/main/java/io/github/shizuki/site/content/dto/AuthorProfileUpsertRequest.java	io.github.shizuki.site.content.request	model/request/src/main/java/io/github/shizuki/site/content/request/AuthorProfileUpsertRequest.java	pending_package_migration
request	io.github.shizuki.site.content.dto	model/request/src/main/java/io/github/shizuki/site/content/dto/AuthorWhisperRequest.java	io.github.shizuki.site.content.request	model/request/src/main/java/io/github/shizuki/site/content/request/AuthorWhisperRequest.java	pending_package_migration
request	io.github.shizuki.site.content.dto	model/request/src/main/java/io/github/shizuki/site/content/dto/ContentVisibilityUpdateRequest.java	io.github.shizuki.site.content.request	model/request/src/main/java/io/github/shizuki/site/content/request/ContentVisibilityUpdateRequest.java	pending_package_migration
request	io.github.shizuki.site.content.dto	model/request/src/main/java/io/github/shizuki/site/content/dto/LightAppBalanceAccountUpsertRequest.java	io.github.shizuki.site.content.request	model/request/src/main/java/io/github/shizuki/site/content/request/LightAppBalanceAccountUpsertRequest.java	pending_package_migration
request	io.github.shizuki.site.content.dto	model/request/src/main/java/io/github/shizuki/site/content/dto/LightAppBalanceDebtUpsertRequest.java	io.github.shizuki.site.content.request	model/request/src/main/java/io/github/shizuki/site/content/request/LightAppBalanceDebtUpsertRequest.java	pending_package_migration
request	io.github.shizuki.site.content.dto	model/request/src/main/java/io/github/shizuki/site/content/dto/LightAppBalanceRecurringChargeUpsertRequest.java	io.github.shizuki.site.content.request	model/request/src/main/java/io/github/shizuki/site/content/request/LightAppBalanceRecurringChargeUpsertRequest.java	pending_package_migration
request	io.github.shizuki.site.content.dto	model/request/src/main/java/io/github/shizuki/site/content/dto/LightAppBalanceTransactionUpsertRequest.java	io.github.shizuki.site.content.request	model/request/src/main/java/io/github/shizuki/site/content/request/LightAppBalanceTransactionUpsertRequest.java	pending_package_migration
request	io.github.shizuki.site.content.dto	model/request/src/main/java/io/github/shizuki/site/content/dto/LightAppFxRefreshRequest.java	io.github.shizuki.site.content.request	model/request/src/main/java/io/github/shizuki/site/content/request/LightAppFxRefreshRequest.java	pending_package_migration
request	io.github.shizuki.site.content.dto	model/request/src/main/java/io/github/shizuki/site/content/dto/LightAppPomodoroUpsertRequest.java	io.github.shizuki.site.content.request	model/request/src/main/java/io/github/shizuki/site/content/request/LightAppPomodoroUpsertRequest.java	pending_package_migration
request	io.github.shizuki.site.content.dto	model/request/src/main/java/io/github/shizuki/site/content/dto/LightAppProjectUpsertRequest.java	io.github.shizuki.site.content.request	model/request/src/main/java/io/github/shizuki/site/content/request/LightAppProjectUpsertRequest.java	pending_package_migration
request	io.github.shizuki.site.content.dto	model/request/src/main/java/io/github/shizuki/site/content/dto/LightAppScheduleRecurringRuleUpsertRequest.java	io.github.shizuki.site.content.request	model/request/src/main/java/io/github/shizuki/site/content/request/LightAppScheduleRecurringRuleUpsertRequest.java	pending_package_migration
request	io.github.shizuki.site.content.dto	model/request/src/main/java/io/github/shizuki/site/content/dto/LightAppScheduleUpsertRequest.java	io.github.shizuki.site.content.request	model/request/src/main/java/io/github/shizuki/site/content/request/LightAppScheduleUpsertRequest.java	pending_package_migration
request	io.github.shizuki.site.content.dto	model/request/src/main/java/io/github/shizuki/site/content/dto/LightAppTaskColumnsUpdateRequest.java	io.github.shizuki.site.content.request	model/request/src/main/java/io/github/shizuki/site/content/request/LightAppTaskColumnsUpdateRequest.java	pending_package_migration
request	io.github.shizuki.site.content.dto	model/request/src/main/java/io/github/shizuki/site/content/dto/LightAppTaskMoveRequest.java	io.github.shizuki.site.content.request	model/request/src/main/java/io/github/shizuki/site/content/request/LightAppTaskMoveRequest.java	pending_package_migration
request	io.github.shizuki.site.content.dto	model/request/src/main/java/io/github/shizuki/site/content/dto/LightAppTaskRecurringRuleUpsertRequest.java	io.github.shizuki.site.content.request	model/request/src/main/java/io/github/shizuki/site/content/request/LightAppTaskRecurringRuleUpsertRequest.java	pending_package_migration
request	io.github.shizuki.site.content.dto	model/request/src/main/java/io/github/shizuki/site/content/dto/LightAppTaskUpsertRequest.java	io.github.shizuki.site.content.request	model/request/src/main/java/io/github/shizuki/site/content/request/LightAppTaskUpsertRequest.java	pending_package_migration
request	io.github.shizuki.site.content.dto	model/request/src/main/java/io/github/shizuki/site/content/dto/LightAppTodoRecurringRuleUpsertRequest.java	io.github.shizuki.site.content.request	model/request/src/main/java/io/github/shizuki/site/content/request/LightAppTodoRecurringRuleUpsertRequest.java	pending_package_migration
request	io.github.shizuki.site.content.dto	model/request/src/main/java/io/github/shizuki/site/content/dto/LightAppTodoReorderRequest.java	io.github.shizuki.site.content.request	model/request/src/main/java/io/github/shizuki/site/content/request/LightAppTodoReorderRequest.java	pending_package_migration
request	io.github.shizuki.site.content.dto	model/request/src/main/java/io/github/shizuki/site/content/dto/LightAppTodoUpsertRequest.java	io.github.shizuki.site.content.request	model/request/src/main/java/io/github/shizuki/site/content/request/LightAppTodoUpsertRequest.java	pending_package_migration
request	io.github.shizuki.site.content.dto	model/request/src/main/java/io/github/shizuki/site/content/dto/LightAppUrlLinkResolveRequest.java	io.github.shizuki.site.content.request	model/request/src/main/java/io/github/shizuki/site/content/request/LightAppUrlLinkResolveRequest.java	pending_package_migration
request	io.github.shizuki.site.content.dto	model/request/src/main/java/io/github/shizuki/site/content/dto/LightAppUrlLinkUpsertRequest.java	io.github.shizuki.site.content.request	model/request/src/main/java/io/github/shizuki/site/content/request/LightAppUrlLinkUpsertRequest.java	pending_package_migration
request	io.github.shizuki.site.content.dto	model/request/src/main/java/io/github/shizuki/site/content/dto/LightAppWhiteboardUpsertRequest.java	io.github.shizuki.site.content.request	model/request/src/main/java/io/github/shizuki/site/content/request/LightAppWhiteboardUpsertRequest.java	pending_package_migration
request	io.github.shizuki.site.content.dto	model/request/src/main/java/io/github/shizuki/site/content/dto/PostCategoryMetaUpsertRequest.java	io.github.shizuki.site.content.request	model/request/src/main/java/io/github/shizuki/site/content/request/PostCategoryMetaUpsertRequest.java	pending_package_migration
request	io.github.shizuki.site.content.dto	model/request/src/main/java/io/github/shizuki/site/content/dto/PostCategoryPolicyUpdateRequest.java	io.github.shizuki.site.content.request	model/request/src/main/java/io/github/shizuki/site/content/request/PostCategoryPolicyUpdateRequest.java	pending_package_migration
request	io.github.shizuki.site.content.dto	model/request/src/main/java/io/github/shizuki/site/content/dto/ReportRequest.java	io.github.shizuki.site.content.request	model/request/src/main/java/io/github/shizuki/site/content/request/ReportRequest.java	pending_package_migration
request	io.github.shizuki.site.media.dto	model/request/src/main/java/io/github/shizuki/site/media/dto/AdminAssetUpdateRequest.java	io.github.shizuki.site.media.request	model/request/src/main/java/io/github/shizuki/site/media/request/AdminAssetUpdateRequest.java	pending_package_migration
request	io.github.shizuki.site.media.dto	model/request/src/main/java/io/github/shizuki/site/media/dto/AdminMusicDefaultPlaylistBundleReplaceRequest.java	io.github.shizuki.site.media.request	model/request/src/main/java/io/github/shizuki/site/media/request/AdminMusicDefaultPlaylistBundleReplaceRequest.java	pending_package_migration
request	io.github.shizuki.site.media.dto	model/request/src/main/java/io/github/shizuki/site/media/dto/AdminMusicPlaylistProfileUpsertRequest.java	io.github.shizuki.site.media.request	model/request/src/main/java/io/github/shizuki/site/media/request/AdminMusicPlaylistProfileUpsertRequest.java	pending_package_migration
request	io.github.shizuki.site.media.dto	model/request/src/main/java/io/github/shizuki/site/media/dto/AdminMusicPlaylistReplaceRequest.java	io.github.shizuki.site.media.request	model/request/src/main/java/io/github/shizuki/site/media/request/AdminMusicPlaylistReplaceRequest.java	pending_package_migration
request	io.github.shizuki.site.media.dto	model/request/src/main/java/io/github/shizuki/site/media/dto/AdminMusicProviderGuideUpsertRequest.java	io.github.shizuki.site.media.request	model/request/src/main/java/io/github/shizuki/site/media/request/AdminMusicProviderGuideUpsertRequest.java	pending_package_migration
request	io.github.shizuki.site.media.dto	model/request/src/main/java/io/github/shizuki/site/media/dto/AdminMusicProviderVisibilityUpdateRequest.java	io.github.shizuki.site.media.request	model/request/src/main/java/io/github/shizuki/site/media/request/AdminMusicProviderVisibilityUpdateRequest.java	pending_package_migration
request	io.github.shizuki.site.media.dto	model/request/src/main/java/io/github/shizuki/site/media/dto/AdminMusicTrackUpsertRequest.java	io.github.shizuki.site.media.request	model/request/src/main/java/io/github/shizuki/site/media/request/AdminMusicTrackUpsertRequest.java	pending_package_migration
request	io.github.shizuki.site.media.dto	model/request/src/main/java/io/github/shizuki/site/media/dto/AdminWallpaperAuditRequest.java	io.github.shizuki.site.media.request	model/request/src/main/java/io/github/shizuki/site/media/request/AdminWallpaperAuditRequest.java	pending_package_migration
request	io.github.shizuki.site.media.dto	model/request/src/main/java/io/github/shizuki/site/media/dto/AssetCreateRequest.java	io.github.shizuki.site.media.request	model/request/src/main/java/io/github/shizuki/site/media/request/AssetCreateRequest.java	pending_package_migration
request	io.github.shizuki.site.media.dto	model/request/src/main/java/io/github/shizuki/site/media/dto/MeMusicPlaylistCreateRequest.java	io.github.shizuki.site.media.request	model/request/src/main/java/io/github/shizuki/site/media/request/MeMusicPlaylistCreateRequest.java	pending_package_migration
request	io.github.shizuki.site.media.dto	model/request/src/main/java/io/github/shizuki/site/media/dto/MeMusicPlaylistTrackUpsertRequest.java	io.github.shizuki.site.media.request	model/request/src/main/java/io/github/shizuki/site/media/request/MeMusicPlaylistTrackUpsertRequest.java	pending_package_migration
request	io.github.shizuki.site.media.dto	model/request/src/main/java/io/github/shizuki/site/media/dto/MeMusicPlaylistUpdateRequest.java	io.github.shizuki.site.media.request	model/request/src/main/java/io/github/shizuki/site/media/request/MeMusicPlaylistUpdateRequest.java	pending_package_migration
request	io.github.shizuki.site.media.dto	model/request/src/main/java/io/github/shizuki/site/media/dto/MusicPickRequest.java	io.github.shizuki.site.media.request	model/request/src/main/java/io/github/shizuki/site/media/request/MusicPickRequest.java	pending_package_migration
request	io.github.shizuki.site.media.dto	model/request/src/main/java/io/github/shizuki/site/media/dto/MusicResolvePlaybackRequest.java	io.github.shizuki.site.media.request	model/request/src/main/java/io/github/shizuki/site/media/request/MusicResolvePlaybackRequest.java	pending_package_migration
request	io.github.shizuki.site.media.dto	model/request/src/main/java/io/github/shizuki/site/media/dto/UploadPolicyRequest.java	io.github.shizuki.site.media.request	model/request/src/main/java/io/github/shizuki/site/media/request/UploadPolicyRequest.java	pending_package_migration
request	io.github.shizuki.site.media.dto	model/request/src/main/java/io/github/shizuki/site/media/dto/WallpaperSettingsUpdateRequest.java	io.github.shizuki.site.media.request	model/request/src/main/java/io/github/shizuki/site/media/request/WallpaperSettingsUpdateRequest.java	pending_package_migration
request	io.github.shizuki.site.media.dto	model/request/src/main/java/io/github/shizuki/site/media/dto/WallpaperVisibilityUpdateRequest.java	io.github.shizuki.site.media.request	model/request/src/main/java/io/github/shizuki/site/media/request/WallpaperVisibilityUpdateRequest.java	pending_package_migration
request	io.github.shizuki.site.media.dto	model/request/src/main/java/io/github/shizuki/site/media/dto/WorkshopImportCreateRequest.java	io.github.shizuki.site.media.request	model/request/src/main/java/io/github/shizuki/site/media/request/WorkshopImportCreateRequest.java	pending_package_migration
request	io.github.shizuki.site.user.dto	model/request/src/main/java/io/github/shizuki/site/user/dto/AdminGroupCreateRequest.java	io.github.shizuki.site.user.request	model/request/src/main/java/io/github/shizuki/site/user/request/AdminGroupCreateRequest.java	pending_package_migration
request	io.github.shizuki.site.user.dto	model/request/src/main/java/io/github/shizuki/site/user/dto/AdminGroupDeleteRequest.java	io.github.shizuki.site.user.request	model/request/src/main/java/io/github/shizuki/site/user/request/AdminGroupDeleteRequest.java	pending_package_migration
request	io.github.shizuki.site.user.dto	model/request/src/main/java/io/github/shizuki/site/user/dto/AdminGroupUpdateRequest.java	io.github.shizuki.site.user.request	model/request/src/main/java/io/github/shizuki/site/user/request/AdminGroupUpdateRequest.java	pending_package_migration
request	io.github.shizuki.site.user.dto	model/request/src/main/java/io/github/shizuki/site/user/dto/AdminPrivilegeUnlockRequest.java	io.github.shizuki.site.user.request	model/request/src/main/java/io/github/shizuki/site/user/request/AdminPrivilegeUnlockRequest.java	pending_package_migration
request	io.github.shizuki.site.user.dto	model/request/src/main/java/io/github/shizuki/site/user/dto/GroupPermissionsUpdateRequest.java	io.github.shizuki.site.user.request	model/request/src/main/java/io/github/shizuki/site/user/request/GroupPermissionsUpdateRequest.java	pending_package_migration
request	io.github.shizuki.site.user.dto	model/request/src/main/java/io/github/shizuki/site/user/dto/MusicApiKeyUpsertRequest.java	io.github.shizuki.site.user.request	model/request/src/main/java/io/github/shizuki/site/user/request/MusicApiKeyUpsertRequest.java	pending_package_migration
request	io.github.shizuki.site.user.dto	model/request/src/main/java/io/github/shizuki/site/user/dto/MusicSourceAccountBindSessionCompleteRequest.java	io.github.shizuki.site.user.request	model/request/src/main/java/io/github/shizuki/site/user/request/MusicSourceAccountBindSessionCompleteRequest.java	pending_package_migration
request	io.github.shizuki.site.user.dto	model/request/src/main/java/io/github/shizuki/site/user/dto/MusicSourceAccountCookieUpsertRequest.java	io.github.shizuki.site.user.request	model/request/src/main/java/io/github/shizuki/site/user/request/MusicSourceAccountCookieUpsertRequest.java	pending_package_migration
request	io.github.shizuki.site.user.dto	model/request/src/main/java/io/github/shizuki/site/user/dto/OAuthLoginCreateRequest.java	io.github.shizuki.site.user.request	model/request/src/main/java/io/github/shizuki/site/user/request/OAuthLoginCreateRequest.java	pending_package_migration
request	io.github.shizuki.site.user.dto	model/request/src/main/java/io/github/shizuki/site/user/dto/OAuthTokenExchangeRequest.java	io.github.shizuki.site.user.request	model/request/src/main/java/io/github/shizuki/site/user/request/OAuthTokenExchangeRequest.java	pending_package_migration
request	io.github.shizuki.site.user.dto	model/request/src/main/java/io/github/shizuki/site/user/dto/PreferenceUpdateRequest.java	io.github.shizuki.site.user.request	model/request/src/main/java/io/github/shizuki/site/user/request/PreferenceUpdateRequest.java	pending_package_migration
request	io.github.shizuki.site.user.dto	model/request/src/main/java/io/github/shizuki/site/user/dto/ProfileUpdateRequest.java	io.github.shizuki.site.user.request	model/request/src/main/java/io/github/shizuki/site/user/request/ProfileUpdateRequest.java	pending_package_migration
request	io.github.shizuki.site.user.dto	model/request/src/main/java/io/github/shizuki/site/user/dto/QuotaPolicyBatchUpsertRequest.java	io.github.shizuki.site.user.request	model/request/src/main/java/io/github/shizuki/site/user/request/QuotaPolicyBatchUpsertRequest.java	pending_package_migration
request	io.github.shizuki.site.user.dto	model/request/src/main/java/io/github/shizuki/site/user/dto/QuotaPolicyRequest.java	io.github.shizuki.site.user.request	model/request/src/main/java/io/github/shizuki/site/user/request/QuotaPolicyRequest.java	pending_package_migration
request	io.github.shizuki.site.user.dto	model/request/src/main/java/io/github/shizuki/site/user/dto/UserGroupsUpdateRequest.java	io.github.shizuki.site.user.request	model/request/src/main/java/io/github/shizuki/site/user/request/UserGroupsUpdateRequest.java	pending_package_migration
request	io.github.shizuki.site.user.dto.auth	model/request/src/main/java/io/github/shizuki/site/user/dto/auth/AuthGrantRequest.java	io.github.shizuki.site.user.request.auth	model/request/src/main/java/io/github/shizuki/site/user/request/auth/AuthGrantRequest.java	pending_package_migration
request	io.github.shizuki.site.user.dto.auth	model/request/src/main/java/io/github/shizuki/site/user/dto/auth/AuthLoginRequest.java	io.github.shizuki.site.user.request.auth	model/request/src/main/java/io/github/shizuki/site/user/request/auth/AuthLoginRequest.java	pending_package_migration
request	io.github.shizuki.site.user.dto.auth	model/request/src/main/java/io/github/shizuki/site/user/dto/auth/AuthLogoutRequest.java	io.github.shizuki.site.user.request.auth	model/request/src/main/java/io/github/shizuki/site/user/request/auth/AuthLogoutRequest.java	pending_package_migration
request	io.github.shizuki.site.user.dto.auth	model/request/src/main/java/io/github/shizuki/site/user/dto/auth/EmailBindRequest.java	io.github.shizuki.site.user.request.auth	model/request/src/main/java/io/github/shizuki/site/user/request/auth/EmailBindRequest.java	pending_package_migration
request	io.github.shizuki.site.user.dto.auth	model/request/src/main/java/io/github/shizuki/site/user/dto/auth/EmailCodePasswordUpdateRequest.java	io.github.shizuki.site.user.request.auth	model/request/src/main/java/io/github/shizuki/site/user/request/auth/EmailCodePasswordUpdateRequest.java	pending_package_migration
request	io.github.shizuki.site.user.dto.auth	model/request/src/main/java/io/github/shizuki/site/user/dto/auth/EmailRegisterRequest.java	io.github.shizuki.site.user.request.auth	model/request/src/main/java/io/github/shizuki/site/user/request/auth/EmailRegisterRequest.java	pending_package_migration
request	io.github.shizuki.site.user.dto.auth	model/request/src/main/java/io/github/shizuki/site/user/dto/auth/EmailVerificationSendRequest.java	io.github.shizuki.site.user.request.auth	model/request/src/main/java/io/github/shizuki/site/user/request/auth/EmailVerificationSendRequest.java	pending_package_migration
request	io.github.shizuki.site.user.dto.auth	model/request/src/main/java/io/github/shizuki/site/user/dto/auth/OAuthAuthorizeRequest.java	io.github.shizuki.site.user.request.auth	model/request/src/main/java/io/github/shizuki/site/user/request/auth/OAuthAuthorizeRequest.java	pending_package_migration
request	io.github.shizuki.site.user.dto.auth	model/request/src/main/java/io/github/shizuki/site/user/dto/auth/OAuthBindRequest.java	io.github.shizuki.site.user.request.auth	model/request/src/main/java/io/github/shizuki/site/user/request/auth/OAuthBindRequest.java	pending_package_migration
request	io.github.shizuki.site.user.dto.auth	model/request/src/main/java/io/github/shizuki/site/user/dto/auth/OAuthConflictConfirmRequest.java	io.github.shizuki.site.user.request.auth	model/request/src/main/java/io/github/shizuki/site/user/request/auth/OAuthConflictConfirmRequest.java	pending_package_migration
response	io.github.shizuki.site.ai.dto	model/response/src/main/java/io/github/shizuki/site/ai/dto/AiCharacterCreateResponse.java	io.github.shizuki.site.ai.response	model/response/src/main/java/io/github/shizuki/site/ai/response/AiCharacterCreateResponse.java	pending_package_migration
response	io.github.shizuki.site.ai.dto	model/response/src/main/java/io/github/shizuki/site/ai/dto/AiCharacterDetailResponse.java	io.github.shizuki.site.ai.response	model/response/src/main/java/io/github/shizuki/site/ai/response/AiCharacterDetailResponse.java	pending_package_migration
response	io.github.shizuki.site.ai.dto	model/response/src/main/java/io/github/shizuki/site/ai/dto/AiCharacterImportResponse.java	io.github.shizuki.site.ai.response	model/response/src/main/java/io/github/shizuki/site/ai/response/AiCharacterImportResponse.java	pending_package_migration
response	io.github.shizuki.site.ai.dto	model/response/src/main/java/io/github/shizuki/site/ai/dto/AiCharacterSummaryResponse.java	io.github.shizuki.site.ai.response	model/response/src/main/java/io/github/shizuki/site/ai/response/AiCharacterSummaryResponse.java	pending_package_migration
response	io.github.shizuki.site.ai.dto	model/response/src/main/java/io/github/shizuki/site/ai/dto/AiCompanionConfigResponse.java	io.github.shizuki.site.ai.response	model/response/src/main/java/io/github/shizuki/site/ai/response/AiCompanionConfigResponse.java	pending_package_migration
response	io.github.shizuki.site.ai.dto	model/response/src/main/java/io/github/shizuki/site/ai/dto/AiMemoryScopeResponse.java	io.github.shizuki.site.ai.response	model/response/src/main/java/io/github/shizuki/site/ai/response/AiMemoryScopeResponse.java	pending_package_migration
response	io.github.shizuki.site.ai.dto	model/response/src/main/java/io/github/shizuki/site/ai/dto/AiMessageSendResponse.java	io.github.shizuki.site.ai.response	model/response/src/main/java/io/github/shizuki/site/ai/response/AiMessageSendResponse.java	pending_package_migration
response	io.github.shizuki.site.ai.dto	model/response/src/main/java/io/github/shizuki/site/ai/dto/AiQuotaStatusResponse.java	io.github.shizuki.site.ai.response	model/response/src/main/java/io/github/shizuki/site/ai/response/AiQuotaStatusResponse.java	pending_package_migration
response	io.github.shizuki.site.ai.dto	model/response/src/main/java/io/github/shizuki/site/ai/dto/AiSessionSummary.java	io.github.shizuki.site.ai.response	model/response/src/main/java/io/github/shizuki/site/ai/response/AiSessionSummary.java	pending_package_migration
response	io.github.shizuki.site.ai.dto	model/response/src/main/java/io/github/shizuki/site/ai/dto/AiTownAssetPreviewResponse.java	io.github.shizuki.site.ai.response	model/response/src/main/java/io/github/shizuki/site/ai/response/AiTownAssetPreviewResponse.java	pending_package_migration
response	io.github.shizuki.site.ai.dto	model/response/src/main/java/io/github/shizuki/site/ai/dto/AiTownMapNodeResponse.java	io.github.shizuki.site.ai.response	model/response/src/main/java/io/github/shizuki/site/ai/response/AiTownMapNodeResponse.java	pending_package_migration
response	io.github.shizuki.site.ai.dto	model/response/src/main/java/io/github/shizuki/site/ai/dto/AiTownNpcResponse.java	io.github.shizuki.site.ai.response	model/response/src/main/java/io/github/shizuki/site/ai/response/AiTownNpcResponse.java	pending_package_migration
response	io.github.shizuki.site.ai.dto	model/response/src/main/java/io/github/shizuki/site/ai/dto/AiTownPublicMapResponse.java	io.github.shizuki.site.ai.response	model/response/src/main/java/io/github/shizuki/site/ai/response/AiTownPublicMapResponse.java	pending_package_migration
response	io.github.shizuki.site.ai.dto	model/response/src/main/java/io/github/shizuki/site/ai/dto/AiTownSceneDetailResponse.java	io.github.shizuki.site.ai.response	model/response/src/main/java/io/github/shizuki/site/ai/response/AiTownSceneDetailResponse.java	pending_package_migration
response	io.github.shizuki.site.ai.dto	model/response/src/main/java/io/github/shizuki/site/ai/dto/AiTownSceneSummaryResponse.java	io.github.shizuki.site.ai.response	model/response/src/main/java/io/github/shizuki/site/ai/response/AiTownSceneSummaryResponse.java	pending_package_migration
response	io.github.shizuki.site.ai.dto	model/response/src/main/java/io/github/shizuki/site/ai/dto/AiWorldbookDetailResponse.java	io.github.shizuki.site.ai.response	model/response/src/main/java/io/github/shizuki/site/ai/response/AiWorldbookDetailResponse.java	pending_package_migration
response	io.github.shizuki.site.ai.dto	model/response/src/main/java/io/github/shizuki/site/ai/dto/AiWorldbookEntryResponse.java	io.github.shizuki.site.ai.response	model/response/src/main/java/io/github/shizuki/site/ai/response/AiWorldbookEntryResponse.java	pending_package_migration
response	io.github.shizuki.site.ai.dto	model/response/src/main/java/io/github/shizuki/site/ai/dto/AiWorldbookSummaryResponse.java	io.github.shizuki.site.ai.response	model/response/src/main/java/io/github/shizuki/site/ai/response/AiWorldbookSummaryResponse.java	pending_package_migration
response	io.github.shizuki.site.common.dto	model/response/src/main/java/io/github/shizuki/site/common/dto/ActionStatusResponse.java	io.github.shizuki.site.common.response	model/response/src/main/java/io/github/shizuki/site/common/response/ActionStatusResponse.java	pending_package_migration
response	io.github.shizuki.site.content.dto	model/response/src/main/java/io/github/shizuki/site/content/dto/AppLikeResponse.java	io.github.shizuki.site.content.response	model/response/src/main/java/io/github/shizuki/site/content/response/AppLikeResponse.java	pending_package_migration
response	io.github.shizuki.site.content.dto	model/response/src/main/java/io/github/shizuki/site/content/dto/AppSummary.java	io.github.shizuki.site.content.response	model/response/src/main/java/io/github/shizuki/site/content/response/AppSummary.java	pending_package_migration
response	io.github.shizuki.site.content.dto	model/response/src/main/java/io/github/shizuki/site/content/dto/AuthorPostItemResponse.java	io.github.shizuki.site.content.response	model/response/src/main/java/io/github/shizuki/site/content/response/AuthorPostItemResponse.java	pending_package_migration
response	io.github.shizuki.site.content.dto	model/response/src/main/java/io/github/shizuki/site/content/dto/AuthorProfileResponse.java	io.github.shizuki.site.content.response	model/response/src/main/java/io/github/shizuki/site/content/response/AuthorProfileResponse.java	pending_package_migration
response	io.github.shizuki.site.content.dto	model/response/src/main/java/io/github/shizuki/site/content/dto/AuthorWhisperItemResponse.java	io.github.shizuki.site.content.response	model/response/src/main/java/io/github/shizuki/site/content/response/AuthorWhisperItemResponse.java	pending_package_migration
response	io.github.shizuki.site.content.dto	model/response/src/main/java/io/github/shizuki/site/content/dto/AuthorWhisperSubmitResponse.java	io.github.shizuki.site.content.response	model/response/src/main/java/io/github/shizuki/site/content/response/AuthorWhisperSubmitResponse.java	pending_package_migration
response	io.github.shizuki.site.content.dto	model/response/src/main/java/io/github/shizuki/site/content/dto/ContentReportCreateResponse.java	io.github.shizuki.site.content.response	model/response/src/main/java/io/github/shizuki/site/content/response/ContentReportCreateResponse.java	pending_package_migration
response	io.github.shizuki.site.content.dto	model/response/src/main/java/io/github/shizuki/site/content/dto/ContentVisibilityResponse.java	io.github.shizuki.site.content.response	model/response/src/main/java/io/github/shizuki/site/content/response/ContentVisibilityResponse.java	pending_package_migration
response	io.github.shizuki.site.content.dto	model/response/src/main/java/io/github/shizuki/site/content/dto/LightAppBalanceAccountResponse.java	io.github.shizuki.site.content.response	model/response/src/main/java/io/github/shizuki/site/content/response/LightAppBalanceAccountResponse.java	pending_package_migration
response	io.github.shizuki.site.content.dto	model/response/src/main/java/io/github/shizuki/site/content/dto/LightAppBalanceAnalyticsRange.java	io.github.shizuki.site.content.response	model/response/src/main/java/io/github/shizuki/site/content/response/LightAppBalanceAnalyticsRange.java	pending_package_migration
response	io.github.shizuki.site.content.dto	model/response/src/main/java/io/github/shizuki/site/content/dto/LightAppBalanceAnalyticsResponse.java	io.github.shizuki.site.content.response	model/response/src/main/java/io/github/shizuki/site/content/response/LightAppBalanceAnalyticsResponse.java	pending_package_migration
response	io.github.shizuki.site.content.dto	model/response/src/main/java/io/github/shizuki/site/content/dto/LightAppBalanceAnalyticsSummary.java	io.github.shizuki.site.content.response	model/response/src/main/java/io/github/shizuki/site/content/response/LightAppBalanceAnalyticsSummary.java	pending_package_migration
response	io.github.shizuki.site.content.dto	model/response/src/main/java/io/github/shizuki/site/content/dto/LightAppBalanceAssetSnapshot.java	io.github.shizuki.site.content.response	model/response/src/main/java/io/github/shizuki/site/content/response/LightAppBalanceAssetSnapshot.java	pending_package_migration
response	io.github.shizuki.site.content.dto	model/response/src/main/java/io/github/shizuki/site/content/dto/LightAppBalanceCategoryBreakdownItem.java	io.github.shizuki.site.content.response	model/response/src/main/java/io/github/shizuki/site/content/response/LightAppBalanceCategoryBreakdownItem.java	pending_package_migration
response	io.github.shizuki.site.content.dto	model/response/src/main/java/io/github/shizuki/site/content/dto/LightAppBalanceChannelBreakdownItem.java	io.github.shizuki.site.content.response	model/response/src/main/java/io/github/shizuki/site/content/response/LightAppBalanceChannelBreakdownItem.java	pending_package_migration
response	io.github.shizuki.site.content.dto	model/response/src/main/java/io/github/shizuki/site/content/dto/LightAppBalanceDailyTrendItem.java	io.github.shizuki.site.content.response	model/response/src/main/java/io/github/shizuki/site/content/response/LightAppBalanceDailyTrendItem.java	pending_package_migration
response	io.github.shizuki.site.content.dto	model/response/src/main/java/io/github/shizuki/site/content/dto/LightAppBalanceDebtResponse.java	io.github.shizuki.site.content.response	model/response/src/main/java/io/github/shizuki/site/content/response/LightAppBalanceDebtResponse.java	pending_package_migration
response	io.github.shizuki.site.content.dto	model/response/src/main/java/io/github/shizuki/site/content/dto/LightAppBalanceOverviewResponse.java	io.github.shizuki.site.content.response	model/response/src/main/java/io/github/shizuki/site/content/response/LightAppBalanceOverviewResponse.java	pending_package_migration
response	io.github.shizuki.site.content.dto	model/response/src/main/java/io/github/shizuki/site/content/dto/LightAppBalanceRecurringChargeResponse.java	io.github.shizuki.site.content.response	model/response/src/main/java/io/github/shizuki/site/content/response/LightAppBalanceRecurringChargeResponse.java	pending_package_migration
response	io.github.shizuki.site.content.dto	model/response/src/main/java/io/github/shizuki/site/content/dto/LightAppBalanceTransactionResponse.java	io.github.shizuki.site.content.response	model/response/src/main/java/io/github/shizuki/site/content/response/LightAppBalanceTransactionResponse.java	pending_package_migration
response	io.github.shizuki.site.content.dto	model/response/src/main/java/io/github/shizuki/site/content/dto/LightAppFxRateResponse.java	io.github.shizuki.site.content.response	model/response/src/main/java/io/github/shizuki/site/content/response/LightAppFxRateResponse.java	pending_package_migration
response	io.github.shizuki.site.content.dto	model/response/src/main/java/io/github/shizuki/site/content/dto/LightAppPomodoroResponse.java	io.github.shizuki.site.content.response	model/response/src/main/java/io/github/shizuki/site/content/response/LightAppPomodoroResponse.java	pending_package_migration
response	io.github.shizuki.site.content.dto	model/response/src/main/java/io/github/shizuki/site/content/dto/LightAppProjectResponse.java	io.github.shizuki.site.content.response	model/response/src/main/java/io/github/shizuki/site/content/response/LightAppProjectResponse.java	pending_package_migration
response	io.github.shizuki.site.content.dto	model/response/src/main/java/io/github/shizuki/site/content/dto/LightAppScheduleRecurringRuleResponse.java	io.github.shizuki.site.content.response	model/response/src/main/java/io/github/shizuki/site/content/response/LightAppScheduleRecurringRuleResponse.java	pending_package_migration
response	io.github.shizuki.site.content.dto	model/response/src/main/java/io/github/shizuki/site/content/dto/LightAppScheduleResponse.java	io.github.shizuki.site.content.response	model/response/src/main/java/io/github/shizuki/site/content/response/LightAppScheduleResponse.java	pending_package_migration
response	io.github.shizuki.site.content.dto	model/response/src/main/java/io/github/shizuki/site/content/dto/LightAppTaskColumnResponse.java	io.github.shizuki.site.content.response	model/response/src/main/java/io/github/shizuki/site/content/response/LightAppTaskColumnResponse.java	pending_package_migration
response	io.github.shizuki.site.content.dto	model/response/src/main/java/io/github/shizuki/site/content/dto/LightAppTaskRecurringRuleResponse.java	io.github.shizuki.site.content.response	model/response/src/main/java/io/github/shizuki/site/content/response/LightAppTaskRecurringRuleResponse.java	pending_package_migration
response	io.github.shizuki.site.content.dto	model/response/src/main/java/io/github/shizuki/site/content/dto/LightAppTaskResponse.java	io.github.shizuki.site.content.response	model/response/src/main/java/io/github/shizuki/site/content/response/LightAppTaskResponse.java	pending_package_migration
response	io.github.shizuki.site.content.dto	model/response/src/main/java/io/github/shizuki/site/content/dto/LightAppTodoRecurringRuleResponse.java	io.github.shizuki.site.content.response	model/response/src/main/java/io/github/shizuki/site/content/response/LightAppTodoRecurringRuleResponse.java	pending_package_migration
response	io.github.shizuki.site.content.dto	model/response/src/main/java/io/github/shizuki/site/content/dto/LightAppTodoResponse.java	io.github.shizuki.site.content.response	model/response/src/main/java/io/github/shizuki/site/content/response/LightAppTodoResponse.java	pending_package_migration
response	io.github.shizuki.site.content.dto	model/response/src/main/java/io/github/shizuki/site/content/dto/LightAppUrlLinkResolveResponse.java	io.github.shizuki.site.content.response	model/response/src/main/java/io/github/shizuki/site/content/response/LightAppUrlLinkResolveResponse.java	pending_package_migration
response	io.github.shizuki.site.content.dto	model/response/src/main/java/io/github/shizuki/site/content/dto/LightAppUrlLinkResponse.java	io.github.shizuki.site.content.response	model/response/src/main/java/io/github/shizuki/site/content/response/LightAppUrlLinkResponse.java	pending_package_migration
response	io.github.shizuki.site.content.dto	model/response/src/main/java/io/github/shizuki/site/content/dto/LightAppWhiteboardResponse.java	io.github.shizuki.site.content.response	model/response/src/main/java/io/github/shizuki/site/content/response/LightAppWhiteboardResponse.java	pending_package_migration
response	io.github.shizuki.site.content.dto	model/response/src/main/java/io/github/shizuki/site/content/dto/LightAppWhiteboardSummaryResponse.java	io.github.shizuki.site.content.response	model/response/src/main/java/io/github/shizuki/site/content/response/LightAppWhiteboardSummaryResponse.java	pending_package_migration
response	io.github.shizuki.site.content.dto	model/response/src/main/java/io/github/shizuki/site/content/dto/PostCategoryMetaDeleteResponse.java	io.github.shizuki.site.content.response	model/response/src/main/java/io/github/shizuki/site/content/response/PostCategoryMetaDeleteResponse.java	pending_package_migration
response	io.github.shizuki.site.content.dto	model/response/src/main/java/io/github/shizuki/site/content/dto/PostCategoryMetaResponse.java	io.github.shizuki.site.content.response	model/response/src/main/java/io/github/shizuki/site/content/response/PostCategoryMetaResponse.java	pending_package_migration
response	io.github.shizuki.site.content.dto	model/response/src/main/java/io/github/shizuki/site/content/dto/PostCategoryPolicyResponse.java	io.github.shizuki.site.content.response	model/response/src/main/java/io/github/shizuki/site/content/response/PostCategoryPolicyResponse.java	pending_package_migration
response	io.github.shizuki.site.content.dto	model/response/src/main/java/io/github/shizuki/site/content/dto/PostContentRelayResponse.java	io.github.shizuki.site.content.response	model/response/src/main/java/io/github/shizuki/site/content/response/PostContentRelayResponse.java	pending_package_migration
response	io.github.shizuki.site.content.dto	model/response/src/main/java/io/github/shizuki/site/content/dto/PostDetailResponse.java	io.github.shizuki.site.content.response	model/response/src/main/java/io/github/shizuki/site/content/response/PostDetailResponse.java	pending_package_migration
response	io.github.shizuki.site.content.dto	model/response/src/main/java/io/github/shizuki/site/content/dto/PostEditorPolicyResponse.java	io.github.shizuki.site.content.response	model/response/src/main/java/io/github/shizuki/site/content/response/PostEditorPolicyResponse.java	pending_package_migration
response	io.github.shizuki.site.content.dto	model/response/src/main/java/io/github/shizuki/site/content/dto/PostLikeResponse.java	io.github.shizuki.site.content.response	model/response/src/main/java/io/github/shizuki/site/content/response/PostLikeResponse.java	pending_package_migration
response	io.github.shizuki.site.content.dto	model/response/src/main/java/io/github/shizuki/site/content/dto/PostPresentationDownloadResponse.java	io.github.shizuki.site.content.response	model/response/src/main/java/io/github/shizuki/site/content/response/PostPresentationDownloadResponse.java	pending_package_migration
response	io.github.shizuki.site.content.dto	model/response/src/main/java/io/github/shizuki/site/content/dto/PostPresentationResponse.java	io.github.shizuki.site.content.response	model/response/src/main/java/io/github/shizuki/site/content/response/PostPresentationResponse.java	pending_package_migration
response	io.github.shizuki.site.content.dto	model/response/src/main/java/io/github/shizuki/site/content/dto/PostSidebarResponse.java	io.github.shizuki.site.content.response	model/response/src/main/java/io/github/shizuki/site/content/response/PostSidebarResponse.java	pending_package_migration
response	io.github.shizuki.site.content.dto	model/response/src/main/java/io/github/shizuki/site/content/dto/PostSummary.java	io.github.shizuki.site.content.response	model/response/src/main/java/io/github/shizuki/site/content/response/PostSummary.java	pending_package_migration
response	io.github.shizuki.site.media.dto	model/response/src/main/java/io/github/shizuki/site/media/dto/AdminAssetAuditResponse.java	io.github.shizuki.site.media.response	model/response/src/main/java/io/github/shizuki/site/media/response/AdminAssetAuditResponse.java	pending_package_migration
response	io.github.shizuki.site.media.dto	model/response/src/main/java/io/github/shizuki/site/media/dto/AdminWallpaperAuditResponse.java	io.github.shizuki.site.media.response	model/response/src/main/java/io/github/shizuki/site/media/response/AdminWallpaperAuditResponse.java	pending_package_migration
response	io.github.shizuki.site.media.dto	model/response/src/main/java/io/github/shizuki/site/media/dto/AssetCreateResponse.java	io.github.shizuki.site.media.response	model/response/src/main/java/io/github/shizuki/site/media/response/AssetCreateResponse.java	pending_package_migration
response	io.github.shizuki.site.media.dto	model/response/src/main/java/io/github/shizuki/site/media/dto/AssetDownloadResponse.java	io.github.shizuki.site.media.response	model/response/src/main/java/io/github/shizuki/site/media/response/AssetDownloadResponse.java	pending_package_migration
response	io.github.shizuki.site.media.dto	model/response/src/main/java/io/github/shizuki/site/media/dto/AssetReportResponse.java	io.github.shizuki.site.media.response	model/response/src/main/java/io/github/shizuki/site/media/response/AssetReportResponse.java	pending_package_migration
response	io.github.shizuki.site.media.dto	model/response/src/main/java/io/github/shizuki/site/media/dto/L2dValidationResponse.java	io.github.shizuki.site.media.response	model/response/src/main/java/io/github/shizuki/site/media/response/L2dValidationResponse.java	pending_package_migration
response	io.github.shizuki.site.media.dto	model/response/src/main/java/io/github/shizuki/site/media/dto/MeMusicLibrarySidebarResponse.java	io.github.shizuki.site.media.response	model/response/src/main/java/io/github/shizuki/site/media/response/MeMusicLibrarySidebarResponse.java	pending_package_migration
response	io.github.shizuki.site.media.dto	model/response/src/main/java/io/github/shizuki/site/media/dto/MusicDefaultPlaylistBundleResponse.java	io.github.shizuki.site.media.response	model/response/src/main/java/io/github/shizuki/site/media/response/MusicDefaultPlaylistBundleResponse.java	pending_package_migration
response	io.github.shizuki.site.media.dto	model/response/src/main/java/io/github/shizuki/site/media/dto/MusicKeyGuideResponse.java	io.github.shizuki.site.media.response	model/response/src/main/java/io/github/shizuki/site/media/response/MusicKeyGuideResponse.java	pending_package_migration
response	io.github.shizuki.site.media.dto	model/response/src/main/java/io/github/shizuki/site/media/dto/MusicLibraryHomeResponse.java	io.github.shizuki.site.media.response	model/response/src/main/java/io/github/shizuki/site/media/response/MusicLibraryHomeResponse.java	pending_package_migration
response	io.github.shizuki.site.media.dto	model/response/src/main/java/io/github/shizuki/site/media/dto/MusicPickQuotaResponse.java	io.github.shizuki.site.media.response	model/response/src/main/java/io/github/shizuki/site/media/response/MusicPickQuotaResponse.java	pending_package_migration
response	io.github.shizuki.site.media.dto	model/response/src/main/java/io/github/shizuki/site/media/dto/MusicPickResponse.java	io.github.shizuki.site.media.response	model/response/src/main/java/io/github/shizuki/site/media/response/MusicPickResponse.java	pending_package_migration
response	io.github.shizuki.site.media.dto	model/response/src/main/java/io/github/shizuki/site/media/dto/MusicPlaylistBundleResponse.java	io.github.shizuki.site.media.response	model/response/src/main/java/io/github/shizuki/site/media/response/MusicPlaylistBundleResponse.java	pending_package_migration
response	io.github.shizuki.site.media.dto	model/response/src/main/java/io/github/shizuki/site/media/dto/MusicPlaylistProfileResponse.java	io.github.shizuki.site.media.response	model/response/src/main/java/io/github/shizuki/site/media/response/MusicPlaylistProfileResponse.java	pending_package_migration
response	io.github.shizuki.site.media.dto	model/response/src/main/java/io/github/shizuki/site/media/dto/MusicPlaylistSummaryResponse.java	io.github.shizuki.site.media.response	model/response/src/main/java/io/github/shizuki/site/media/response/MusicPlaylistSummaryResponse.java	pending_package_migration
response	io.github.shizuki.site.media.dto	model/response/src/main/java/io/github/shizuki/site/media/dto/MusicProviderResponse.java	io.github.shizuki.site.media.response	model/response/src/main/java/io/github/shizuki/site/media/response/MusicProviderResponse.java	pending_package_migration
response	io.github.shizuki.site.media.dto	model/response/src/main/java/io/github/shizuki/site/media/dto/MusicQuotaResponse.java	io.github.shizuki.site.media.response	model/response/src/main/java/io/github/shizuki/site/media/response/MusicQuotaResponse.java	pending_package_migration
response	io.github.shizuki.site.media.dto	model/response/src/main/java/io/github/shizuki/site/media/dto/MusicSearchArtistResponse.java	io.github.shizuki.site.media.response	model/response/src/main/java/io/github/shizuki/site/media/response/MusicSearchArtistResponse.java	pending_package_migration
response	io.github.shizuki.site.media.dto	model/response/src/main/java/io/github/shizuki/site/media/dto/MusicSearchResponse.java	io.github.shizuki.site.media.response	model/response/src/main/java/io/github/shizuki/site/media/response/MusicSearchResponse.java	pending_package_migration
response	io.github.shizuki.site.media.dto	model/response/src/main/java/io/github/shizuki/site/media/dto/MusicSearchTrackResponse.java	io.github.shizuki.site.media.response	model/response/src/main/java/io/github/shizuki/site/media/response/MusicSearchTrackResponse.java	pending_package_migration
response	io.github.shizuki.site.media.dto	model/response/src/main/java/io/github/shizuki/site/media/dto/MusicSourcePlaylistImportResponse.java	io.github.shizuki.site.media.response	model/response/src/main/java/io/github/shizuki/site/media/response/MusicSourcePlaylistImportResponse.java	pending_package_migration
response	io.github.shizuki.site.media.dto	model/response/src/main/java/io/github/shizuki/site/media/dto/MusicTrackResponse.java	io.github.shizuki.site.media.response	model/response/src/main/java/io/github/shizuki/site/media/response/MusicTrackResponse.java	pending_package_migration
response	io.github.shizuki.site.media.dto	model/response/src/main/java/io/github/shizuki/site/media/dto/PublicHomeRoleResponse.java	io.github.shizuki.site.media.response	model/response/src/main/java/io/github/shizuki/site/media/response/PublicHomeRoleResponse.java	pending_package_migration
response	io.github.shizuki.site.media.dto	model/response/src/main/java/io/github/shizuki/site/media/dto/SpotifyPreviewResponse.java	io.github.shizuki.site.media.response	model/response/src/main/java/io/github/shizuki/site/media/response/SpotifyPreviewResponse.java	pending_package_migration
response	io.github.shizuki.site.media.dto	model/response/src/main/java/io/github/shizuki/site/media/dto/SpotifyTrackResponse.java	io.github.shizuki.site.media.response	model/response/src/main/java/io/github/shizuki/site/media/response/SpotifyTrackResponse.java	pending_package_migration
response	io.github.shizuki.site.media.dto	model/response/src/main/java/io/github/shizuki/site/media/dto/UploadPolicyResponse.java	io.github.shizuki.site.media.response	model/response/src/main/java/io/github/shizuki/site/media/response/UploadPolicyResponse.java	pending_package_migration
response	io.github.shizuki.site.media.dto	model/response/src/main/java/io/github/shizuki/site/media/dto/UploadRelayResponse.java	io.github.shizuki.site.media.response	model/response/src/main/java/io/github/shizuki/site/media/response/UploadRelayResponse.java	pending_package_migration
response	io.github.shizuki.site.media.dto	model/response/src/main/java/io/github/shizuki/site/media/dto/WallpaperImportJobResponse.java	io.github.shizuki.site.media.response	model/response/src/main/java/io/github/shizuki/site/media/response/WallpaperImportJobResponse.java	pending_package_migration
response	io.github.shizuki.site.media.dto	model/response/src/main/java/io/github/shizuki/site/media/dto/WallpaperProfileResponse.java	io.github.shizuki.site.media.response	model/response/src/main/java/io/github/shizuki/site/media/response/WallpaperProfileResponse.java	pending_package_migration
response	io.github.shizuki.site.user.dto	model/response/src/main/java/io/github/shizuki/site/user/dto/AdminGroupDeleteResponse.java	io.github.shizuki.site.user.response	model/response/src/main/java/io/github/shizuki/site/user/response/AdminGroupDeleteResponse.java	pending_package_migration
response	io.github.shizuki.site.user.dto	model/response/src/main/java/io/github/shizuki/site/user/dto/AdminGroupItemResponse.java	io.github.shizuki.site.user.response	model/response/src/main/java/io/github/shizuki/site/user/response/AdminGroupItemResponse.java	pending_package_migration
response	io.github.shizuki.site.user.dto	model/response/src/main/java/io/github/shizuki/site/user/dto/AdminGroupOptionResponse.java	io.github.shizuki.site.user.response	model/response/src/main/java/io/github/shizuki/site/user/response/AdminGroupOptionResponse.java	pending_package_migration
response	io.github.shizuki.site.user.dto	model/response/src/main/java/io/github/shizuki/site/user/dto/AdminGroupPageResponse.java	io.github.shizuki.site.user.response	model/response/src/main/java/io/github/shizuki/site/user/response/AdminGroupPageResponse.java	pending_package_migration
response	io.github.shizuki.site.user.dto	model/response/src/main/java/io/github/shizuki/site/user/dto/AdminOptionsResponse.java	io.github.shizuki.site.user.response	model/response/src/main/java/io/github/shizuki/site/user/response/AdminOptionsResponse.java	pending_package_migration
response	io.github.shizuki.site.user.dto	model/response/src/main/java/io/github/shizuki/site/user/dto/AdminPrivilegeUnlockResponse.java	io.github.shizuki.site.user.response	model/response/src/main/java/io/github/shizuki/site/user/response/AdminPrivilegeUnlockResponse.java	pending_package_migration
response	io.github.shizuki.site.user.dto	model/response/src/main/java/io/github/shizuki/site/user/dto/AdminUserItemResponse.java	io.github.shizuki.site.user.response	model/response/src/main/java/io/github/shizuki/site/user/response/AdminUserItemResponse.java	pending_package_migration
response	io.github.shizuki.site.user.dto	model/response/src/main/java/io/github/shizuki/site/user/dto/AdminUserPageResponse.java	io.github.shizuki.site.user.response	model/response/src/main/java/io/github/shizuki/site/user/response/AdminUserPageResponse.java	pending_package_migration
response	io.github.shizuki.site.user.dto	model/response/src/main/java/io/github/shizuki/site/user/dto/GroupPermissionsResponse.java	io.github.shizuki.site.user.response	model/response/src/main/java/io/github/shizuki/site/user/response/GroupPermissionsResponse.java	pending_package_migration
response	io.github.shizuki.site.user.dto	model/response/src/main/java/io/github/shizuki/site/user/dto/MeAccountResponse.java	io.github.shizuki.site.user.response	model/response/src/main/java/io/github/shizuki/site/user/response/MeAccountResponse.java	pending_package_migration
response	io.github.shizuki.site.user.dto	model/response/src/main/java/io/github/shizuki/site/user/dto/MeResponse.java	io.github.shizuki.site.user.response	model/response/src/main/java/io/github/shizuki/site/user/response/MeResponse.java	pending_package_migration
response	io.github.shizuki.site.user.dto	model/response/src/main/java/io/github/shizuki/site/user/dto/MusicApiKeyStatusResponse.java	io.github.shizuki.site.user.response	model/response/src/main/java/io/github/shizuki/site/user/response/MusicApiKeyStatusResponse.java	pending_package_migration
response	io.github.shizuki.site.user.dto	model/response/src/main/java/io/github/shizuki/site/user/dto/MusicSourceAccountBindSessionCreateResponse.java	io.github.shizuki.site.user.response	model/response/src/main/java/io/github/shizuki/site/user/response/MusicSourceAccountBindSessionCreateResponse.java	pending_package_migration
response	io.github.shizuki.site.user.dto	model/response/src/main/java/io/github/shizuki/site/user/dto/MusicSourceAccountBindSessionStatusResponse.java	io.github.shizuki.site.user.response	model/response/src/main/java/io/github/shizuki/site/user/response/MusicSourceAccountBindSessionStatusResponse.java	pending_package_migration
response	io.github.shizuki.site.user.dto	model/response/src/main/java/io/github/shizuki/site/user/dto/MusicSourceAccountStatusResponse.java	io.github.shizuki.site.user.response	model/response/src/main/java/io/github/shizuki/site/user/response/MusicSourceAccountStatusResponse.java	pending_package_migration
response	io.github.shizuki.site.user.dto	model/response/src/main/java/io/github/shizuki/site/user/dto/OAuthBindingResponse.java	io.github.shizuki.site.user.response	model/response/src/main/java/io/github/shizuki/site/user/response/OAuthBindingResponse.java	pending_package_migration
response	io.github.shizuki.site.user.dto	model/response/src/main/java/io/github/shizuki/site/user/dto/OAuthLoginCreateResponse.java	io.github.shizuki.site.user.response	model/response/src/main/java/io/github/shizuki/site/user/response/OAuthLoginCreateResponse.java	pending_package_migration
response	io.github.shizuki.site.user.dto	model/response/src/main/java/io/github/shizuki/site/user/dto/QuotaPolicyResponse.java	io.github.shizuki.site.user.response	model/response/src/main/java/io/github/shizuki/site/user/response/QuotaPolicyResponse.java	pending_package_migration
response	io.github.shizuki.site.user.dto	model/response/src/main/java/io/github/shizuki/site/user/dto/UserGroupsResponse.java	io.github.shizuki.site.user.response	model/response/src/main/java/io/github/shizuki/site/user/response/UserGroupsResponse.java	pending_package_migration
response	io.github.shizuki.site.user.dto.auth	model/response/src/main/java/io/github/shizuki/site/user/dto/auth/AuthIntrospectResponse.java	io.github.shizuki.site.user.response.auth	model/response/src/main/java/io/github/shizuki/site/user/response/auth/AuthIntrospectResponse.java	pending_package_migration
response	io.github.shizuki.site.user.dto.auth	model/response/src/main/java/io/github/shizuki/site/user/dto/auth/AuthLoginResponse.java	io.github.shizuki.site.user.response.auth	model/response/src/main/java/io/github/shizuki/site/user/response/auth/AuthLoginResponse.java	pending_package_migration
response	io.github.shizuki.site.user.dto.auth	model/response/src/main/java/io/github/shizuki/site/user/dto/auth/AuthTokenResponse.java	io.github.shizuki.site.user.response.auth	model/response/src/main/java/io/github/shizuki/site/user/response/auth/AuthTokenResponse.java	pending_package_migration
response	io.github.shizuki.site.user.dto.auth	model/response/src/main/java/io/github/shizuki/site/user/dto/auth/EmailVerificationSendResponse.java	io.github.shizuki.site.user.response.auth	model/response/src/main/java/io/github/shizuki/site/user/response/auth/EmailVerificationSendResponse.java	pending_package_migration
response	io.github.shizuki.site.user.dto.auth	model/response/src/main/java/io/github/shizuki/site/user/dto/auth/ImageCaptchaResponse.java	io.github.shizuki.site.user.response.auth	model/response/src/main/java/io/github/shizuki/site/user/response/auth/ImageCaptchaResponse.java	pending_package_migration
response	io.github.shizuki.site.user.dto.auth	model/response/src/main/java/io/github/shizuki/site/user/dto/auth/OAuthAuthorizeResponse.java	io.github.shizuki.site.user.response.auth	model/response/src/main/java/io/github/shizuki/site/user/response/auth/OAuthAuthorizeResponse.java	pending_package_migration
response	io.github.shizuki.site.user.dto.auth	model/response/src/main/java/io/github/shizuki/site/user/dto/auth/QuotaResolveResponse.java	io.github.shizuki.site.user.response.auth	model/response/src/main/java/io/github/shizuki/site/user/response/auth/QuotaResolveResponse.java	pending_package_migration
